Port-Vila,Vanuatu,https://www.countryflags.com/wp-content/uploads/vanuatu-flag-png-large.png,https://content.r9cdn.net/rimg/dimg/85/4b/7706fa93-city-47390-16911fe40e6.jpg?width=1200&height=630&crop=true
Lomé,Togo,https://www.countryflags.com/wp-content/uploads/togo-flag-png-large.png, http://commons.wikimedia.org/wiki/Special:FilePath/Imagelom%C3%A920.jpg
Praia,Cabo-Verde,https://www.countryflags.com/wp-content/uploads/cabo-verde-flag-png-large.png, http://commons.wikimedia.org/wiki/Special:FilePath/Praia%20Harbor.jpg
London,United-Kingdom,https://www.countryflags.com/wp-content/uploads/united-kingdom-flag-png-large.png, http://commons.wikimedia.org/wiki/Special:FilePath/Arthur%20Winnington-Ingram%20Vanity%20Fair%2023%20May%201901.jpg
Moscow,Russia,https://www.countryflags.com/wp-content/uploads/russia-flag-png-large.png, http://commons.wikimedia.org/wiki/Special:FilePath/ISS-38%20Nighttime%20image%20of%20Moscow%2C%20Russia.jpg
Caracas,Venezuela,https://www.countryflags.com/wp-content/uploads/venezuela-flag-png-large.png, http://commons.wikimedia.org/wiki/Special:FilePath/Caracas%20desde%20el%20%C3%A1vila.jpg
Vientiane,Laos,https://www.countryflags.com/wp-content/uploads/laos-flag-png-large.png, http://commons.wikimedia.org/wiki/Special:FilePath/20171118%20Vientiane%203220%20DxO.jpg
Lisbon,Portugal,https://www.countryflags.com/wp-content/uploads/portugal-flag-png-large.png, http://commons.wikimedia.org/wiki/Special:FilePath/Montagem%20de%20Lisboa.png
Luxembourg-City,Luxembourg,https://www.countryflags.com/wp-content/uploads/luxembourg-flag-png-large.png,https://encrypted-tbn3.gstatic.com/licensed-image?q=tbn:ANd9GcQs1buL5saueEfPAYlQ1h5_tomH1ec5_x4nDYLULawiq-UPgonm_CjvBKVmd4-HGPQ3qIiRJoTECpQwHibthueiX_20rQ8Zc8XkBIeR3ag
Abu-Dhabi,United-Arab-Emirates,https://www.countryflags.com/wp-content/uploads/united-arab-emirates-flag-png-large.png,https://encrypted-tbn0.gstatic.com/licensed-image?q=tbn:ANd9GcQ78h0OrtEE8oi97pf5JVLf4ZFSdWo2nv239r0zPz3sGEhzj5H9tQeGVWq6MxiF17xVFf4yvndd1bJVRNuKVx_K1J6Twz7IkLJg8ALskA
Managua,Nicaragua,https://www.countryflags.com/wp-content/uploads/nicaragua-flag-png-large.png, http://commons.wikimedia.org/wiki/Special:FilePath/Avenida%20Bolivar%20A%20Chavez.jpg
Damascus,Syria,https://www.countryflags.com/wp-content/uploads/syria-flag-png-large.png, http://commons.wikimedia.org/wiki/Special:FilePath/Damascus%2C%20Syria%2C%20Panorama%20at%20sunset.jpg
Kingston,Jamaica,https://www.countryflags.com/wp-content/uploads/jamaica-flag-png-large.png, http://commons.wikimedia.org/wiki/Special:FilePath/Norfolk%20Island%20jail1.jpg
Dublin,Ireland,https://www.countryflags.com/wp-content/uploads/ireland-flag-png-large.png, http://commons.wikimedia.org/wiki/Special:FilePath/Liffeyeast.jpg
Dhaka,Bangladesh,https://www.countryflags.com/wp-content/uploads/bangladesh-flag-png-large.png, http://commons.wikimedia.org/wiki/Special:FilePath/Dhaka%20skyline1.jpg
Dushanbe,Tajikistan,https://www.countryflags.com/wp-content/uploads/tajikistan-flag-png-large.png, http://commons.wikimedia.org/wiki/Special:FilePath/Dushanbe%20Presidential%20Palace%2001.jpg
Sri-Jayawardenepura-Kotte,Sri-Lanka,https://www.countryflags.com/wp-content/uploads/sri-lanka-flag-png-large.png,https://encrypted-tbn3.gstatic.com/licensed-image?q=tbn:ANd9GcS-havPq55eb1QAo_bYHyZWQrqqPzeIXliaG1gt6PzJrItmaUwx4x6nlHpgkIFKhqsiUYkfa0cXjlXdL2XkU2wyeNuKDLO6yjankDqP7TU
Castries,Saint-Lucia,https://www.countryflags.com/wp-content/uploads/saint-lucia-flag-png-large.png, http://commons.wikimedia.org/wiki/Special:FilePath/CastriesStLucia.JPG
Montevideo,Uruguay,https://www.countryflags.com/wp-content/uploads/uruguay-flag-png-large.png, http://commons.wikimedia.org/wiki/Special:FilePath/Collage%20Landmarks%20of%20Montevideo.jpg
Amsterdam,Netherlands,https://www.countryflags.com/wp-content/uploads/netherlands-flag-png-large.png, http://commons.wikimedia.org/wiki/Special:FilePath/Amsterdam%20airphoto.jpg
Port-Louis,Mauritius,https://www.countryflags.com/wp-content/uploads/mauritius-flag-png-large.png, http://commons.wikimedia.org/wiki/Special:FilePath/La%20citadelle%20de%20Port-Louis.jpg
Lima,Peru,https://www.countryflags.com/wp-content/uploads/peru-flag-png-large.png, http://commons.wikimedia.org/wiki/Special:FilePath/Lima2017%20A.jpg
Madrid,Spain,https://www.countryflags.com/wp-content/uploads/spain-flag-png-large.png, http://commons.wikimedia.org/wiki/Special:FilePath/Madrid%20%2838624991251%29.jpg
Washington-DC,United-States,https://www.countryflags.com/wp-content/uploads/united-states-flag-png-large.png,https://www.thoughtco.com/thmb/_ZNhs9lhwfoos1WoYBygoL03g6c=/1500x0/filters:no_upscale():max_bytes(150000):strip_icc()/GettyImages-497322993-598b2ad403f4020010ae0a08.jpg
Moroni,Comoros,https://www.countryflags.com/wp-content/uploads/comoros-flag-png-large.png, http://commons.wikimedia.org/wiki/Special:FilePath/Moroni%20harbour%20%282%29.jpg
Kampala,Uganda,https://www.countryflags.com/wp-content/uploads/uganda-flag-png-large.png, http://commons.wikimedia.org/wiki/Special:FilePath/Kampalamontage.png
Tegucigalpa,Honduras,https://www.countryflags.com/wp-content/uploads/honduras-flag-png-large.png, http://commons.wikimedia.org/wiki/Special:FilePath/Tegucigalpa%20desde%20el%20picacho%20en%20septiembre.jpg
Monrovia,Liberia,https://www.countryflags.com/wp-content/uploads/liberia-flag-png-large.png, http://commons.wikimedia.org/wiki/Special:FilePath/MonroviaLB14.png
Ljubljana,Slovenia,https://www.countryflags.com/wp-content/uploads/slovenia-flag-png-large.png, http://commons.wikimedia.org/wiki/Special:FilePath/Ljubljana%20Montage%202.png
Kigali,Rwanda,https://www.countryflags.com/wp-content/uploads/rwanda-flag-png-large.png, http://commons.wikimedia.org/wiki/Special:FilePath/Green%20Kigali.jpg
Djibouti,Djibouti,https://www.countryflags.com/wp-content/uploads/djibouti-flag-png-large.png, http://commons.wikimedia.org/wiki/Special:FilePath/An%20aerial%20view%20of%20Djibouti%20City.jpg
Tbilisi,Georgia,https://www.countryflags.com/wp-content/uploads/georgia-flag-png-large.png, http://commons.wikimedia.org/wiki/Special:FilePath/Vista%20de%20Tiflis%2C%20Georgia%2C%202016-09-29%2C%20DD%2067-71%20PAN.jpg
Nassau,Bahamas,https://www.countryflags.com/wp-content/uploads/bahamas-flag-png-large.png, http://commons.wikimedia.org/wiki/Special:FilePath/BHA%20Nassau%2C%20Paradise%20Island%2C%20Atlantis%20Bridge%20001.jpg
N'Djamena,Chad,https://www.countryflags.com/wp-content/uploads/chad-flag-png-large.png, http://commons.wikimedia.org/wiki/Special:FilePath/Place%20de%20la%20nation2%20%28Tchad%29.jpg
Georgetown,Guyana,https://www.countryflags.com/wp-content/uploads/guyana-flag-png-large.png, http://commons.wikimedia.org/wiki/Special:FilePath/Georgetown%20-%20Guyana.png
Sofia,Bulgaria,https://www.countryflags.com/wp-content/uploads/bulgaria-flag-png-large.png, http://commons.wikimedia.org/wiki/Special:FilePath/Russian%20church%20%2837591925970%29.jpg
Bogotá,Colombia,https://www.countryflags.com/wp-content/uploads/colombia-flag-png-large.png, http://commons.wikimedia.org/wiki/Special:FilePath/Bogota%2C%20Colombia.jpg
Bandar-Seri-Begawan,Brunei,https://www.countryflags.com/wp-content/uploads/brunei-flag-png-large.png,https://encrypted-tbn2.gstatic.com/licensed-image?q=tbn:ANd9GcQRKNHHxYdqflzG2X4_NnRN_J_n6_6UxCJQ84MpSHhetzkG2XrU9vdOLFgxX663dAxb-vdSZCzrfgNHBjWrLDW-PjpRLv0xvAssEG3jpQ
Ulaanbaatar,Mongolia,https://www.countryflags.com/wp-content/uploads/mongolia-flag-png-large.png, http://commons.wikimedia.org/wiki/Special:FilePath/UB%20downtown.jpg
Porto-Novo,Benin,https://www.countryflags.com/wp-content/uploads/benin-flag-png-large.png, http://commons.wikimedia.org/wiki/Special:FilePath/Porto-Novo%20vue.jpg
Majuro,Marshall-Islands,https://www.countryflags.com/wp-content/uploads/marshall-islands-flag-png-large.png, http://commons.wikimedia.org/wiki/Special:FilePath/Majuro%20main%20road.jpg
Ottawa,Canada,https://www.countryflags.com/wp-content/uploads/canada-flag-png-large.png, http://commons.wikimedia.org/wiki/Special:FilePath/Ottawa%20Montage%202020.jpg
Bern,Switzerland,https://www.countryflags.com/wp-content/uploads/switzerland-flag-png-large.png, http://commons.wikimedia.org/wiki/Special:FilePath/Bern%20luftaufnahme.png
Kingstown,St.-Vincent-&-Grenadines,https://www.countryflags.com/wp-content/uploads/st.-vincent-&-grenadines-flag-png-large.png, http://commons.wikimedia.org/wiki/Special:FilePath/St.%20Vincent%2C%20Karibik%20-%20Kingstown%20City%20-%20panoramio.jpg
Luanda,Angola,https://www.countryflags.com/wp-content/uploads/angola-flag-png-large.png, http://commons.wikimedia.org/wiki/Special:FilePath/Luanda%20feb09%20ost01.jpg
Andorra-la-Vella,Andorra,https://www.countryflags.com/wp-content/uploads/andorra-flag-png-large.png,https://www.google.com/url?sa=i&url=https%3A%2F%2Fwww.reddit.com%2Fr%2FCityPorn%2Fcomments%2Fozrzu0%2Fandorra_la_vella_andorra%2F&psig=AOvVaw17quotZPAX0wrUJ97Mk-mk&ust=1734371516576000&source=images&cd=vfe&opi=89978449&ved=0CBQQjRxqFwoTCICe6MOrqooDFQAAAAAdAAAAABAn
Nairobi,Kenya,https://www.countryflags.com/wp-content/uploads/kenya-flag-png-large.png, http://commons.wikimedia.org/wiki/Special:FilePath/Nairobi%2C%20view%20from%20KICC.JPG
Ramallah,State-of-Palestine,https://www.countryflags.com/wp-content/uploads/state-of-palestine-flag-png-large.png, http://commons.wikimedia.org/wiki/Special:FilePath/Ramallah%202024.jpg
Dakar,Senegal,https://www.countryflags.com/wp-content/uploads/senegal-flag-png-large.png, http://commons.wikimedia.org/wiki/Special:FilePath/Pointe%20des%20Almadies%20-%20Senegal.jpg
Manila,Philippines,https://www.countryflags.com/wp-content/uploads/philippines-flag-png-large.png, http://commons.wikimedia.org/wiki/Special:FilePath/Big%20Manila.jpg
Harare,Zimbabwe,https://www.countryflags.com/wp-content/uploads/zimbabwe-flag-png-large.png, http://commons.wikimedia.org/wiki/Special:FilePath/Harare%20skyline.jpg
Baku,Azerbaijan,https://www.countryflags.com/wp-content/uploads/azerbaijan-flag-png-large.png, http://commons.wikimedia.org/wiki/Special:FilePath/Montage%20of%20Baku%202019.jpg
Helsinki,Finland,https://www.countryflags.com/wp-content/uploads/finland-flag-png-large.png, http://commons.wikimedia.org/wiki/Special:FilePath/Helsinki%20Lutheran%20Cathedral%20%28panoraaman%C3%A4k%C3%B6ala%29-2%20%28s%C3%A4%C3%A4t%C3%B6%29.jpg
Port-au-Prince,Haiti,https://www.countryflags.com/wp-content/uploads/haiti-flag-png-large.png, http://commons.wikimedia.org/wiki/Special:FilePath/US%20Navy%20100221-N-5787K-002%20An%20aerial%20view%20of%20the%20logistical%20area%20near%20the%20port%20in%20Port-au-Prince%20%28cropped%29.jpg
Ashgabat,Turkmenistan,https://www.countryflags.com/wp-content/uploads/turkmenistan-flag-png-large.png, http://commons.wikimedia.org/wiki/Special:FilePath/Neutrality-Road-Ashgabat-2015.JPG
Cairo,Egypt,https://www.countryflags.com/wp-content/uploads/egypt-flag-png-large.png, http://commons.wikimedia.org/wiki/Special:FilePath/Cairo%20Form%20Top.JPG
Tirana,Albania,https://www.countryflags.com/wp-content/uploads/albania-flag-png-large.png, http://commons.wikimedia.org/wiki/Special:FilePath/Tirana%20from%20South.jpg
Gitega,Burundi,https://www.countryflags.com/wp-content/uploads/burundi-flag-png-large.png, http://commons.wikimedia.org/wiki/Special:FilePath/Gitega.JPG
Lusaka,Zambia,https://www.countryflags.com/wp-content/uploads/zambia-flag-png-large.png, http://commons.wikimedia.org/wiki/Special:FilePath/Downtown%20Lusaka.JPG
Kabul,Afghanistan,https://www.countryflags.com/wp-content/uploads/afghanistan-flag-png-large.png, http://commons.wikimedia.org/wiki/Special:FilePath/Kabul%20TV%20Hill%20view.jpg
St.-John's,Antigua-&-Barbuda,https://www.countryflags.com/wp-content/uploads/antigua-&-barbuda-flag-png-large.png,https://media.tacdn.com/media/attractions-content--1x-1/12/e5/fc/c2.jpg
Jerusalem,Israel,https://www.countryflags.com/wp-content/uploads/israel-flag-png-large.png, http://commons.wikimedia.org/wiki/Special:FilePath/Jerusalem%20Dome%20of%20the%20rock%20BW%2014.JPG
Berlin,Germany,https://www.countryflags.com/wp-content/uploads/germany-flag-png-large.png, http://commons.wikimedia.org/wiki/Special:FilePath/Meyers%20Universum%20Band%2007%2003.jpg
San-Marino,San-Marino,https://www.countryflags.com/wp-content/uploads/san-marino-flag-png-large.png,https://encrypted-tbn0.gstatic.com/licensed-image?q=tbn:ANd9GcSI4D-9tgE2K6sjjNjWAQuQ0fFYDabAaXHTfEbUqxL9AhAUJQDCvIt6YGD4AruOGeLrm7EadXQr0XtiCnYG7g9Hjr9NFq1E8aoeKPKtAA
Vilnius,Lithuania,https://www.countryflags.com/wp-content/uploads/lithuania-flag-png-large.png, http://commons.wikimedia.org/wiki/Special:FilePath/Vilnius%20Modern%20Skyline%2C%20Lithuania%20-%20Diliff.jpg
Antananarivo,Madagascar,https://www.countryflags.com/wp-content/uploads/madagascar-flag-png-large.png, http://commons.wikimedia.org/wiki/Special:FilePath/Lake%20Anosy%2C%20Central%20Antananarivo%2C%20Capital%20of%20Madagascar%2C%20Photo%20by%20Sascha%20Grabow.jpg
Chisinau,Moldova,https://www.countryflags.com/wp-content/uploads/moldova-flag-png-large.png,https://encrypted-tbn3.gstatic.com/licensed-image?q=tbn:ANd9GcR3oY_zdt0U7NtvhZxYxqDapL0u8nvd-pNQjPHNQqUidMqj2eEHsH7-RrjE_oVEwzWHiaXjg5ww89SF6ThIKhtHD7J262EWtkKXiToH5A
Bishkek,Kyrgyzstan,https://www.countryflags.com/wp-content/uploads/kyrgyzstan-flag-png-large.png, http://commons.wikimedia.org/wiki/Special:FilePath/Bishkek.jpg
Yerevan,Armenia,https://www.countryflags.com/wp-content/uploads/armenia-flag-png-large.png, http://commons.wikimedia.org/wiki/Special:FilePath/Mount%20Ararat%20and%20the%20Yerevan%20skyline%20%28March%202024%29.png
Belgrade,Serbia,https://www.countryflags.com/wp-content/uploads/serbia-flag-png-large.png, http://commons.wikimedia.org/wiki/Special:FilePath/Beograd%20collage.jpg
Lilongwe,Malawi,https://www.countryflags.com/wp-content/uploads/malawi-flag-png-large.png, http://commons.wikimedia.org/wiki/Special:FilePath/Lilongwe%20Area%202.jpg
Muscat,Oman,https://www.countryflags.com/wp-content/uploads/oman-flag-png-large.png, http://commons.wikimedia.org/wiki/Special:FilePath/Old%20city%20of%20Maskat.jpg
Port-Moresby,Papua-New-Guinea,https://www.countryflags.com/wp-content/uploads/papua-new-guinea-flag-png-large.png,https://encrypted-tbn0.gstatic.com/licensed-image?q=tbn:ANd9GcRlnNq7skP6DNBxTmiIlLLeaBA2ZsTIuC_4ViTMFxuh58qF73wbgqjbMVInegQV4ImBpbe60EAPMI3sWO0RxdHnmSf_hRmLZelwF7SMyw
Phnom-Penh,Cambodia,https://www.countryflags.com/wp-content/uploads/cambodia-flag-png-large.png,https://encrypted-tbn3.gstatic.com/licensed-image?q=tbn:ANd9GcTYvqVggwDFN_PJlaIBq3OBppvuixi_wFMhUgW7YSEEELUFZRIU5HJO-j5kzk_OjBeqeCLjKSOOsOF-KSi8pOhB1Hv5SekTk4BBtqz82A
Asmara,Eritrea,https://www.countryflags.com/wp-content/uploads/eritrea-flag-png-large.png, http://commons.wikimedia.org/wiki/Special:FilePath/Asmara2.jpg
Maputo,Mozambique,https://www.countryflags.com/wp-content/uploads/mozambique-flag-png-large.png, http://commons.wikimedia.org/wiki/Special:FilePath/Maputo%20seen%20from%20southeast%20-%20October%202006.jpg
Mogadishu,Somalia,https://www.countryflags.com/wp-content/uploads/somalia-flag-png-large.png, http://commons.wikimedia.org/wiki/Special:FilePath/Pictures%20from%20an%20armed%20convoy%20trip%20in%20Mogadishu.jpg
Skopje,North-Macedonia,https://www.countryflags.com/wp-content/uploads/north-macedonia-flag-png-large.png, http://commons.wikimedia.org/wiki/Special:FilePath/Stone%20Bridge%20Skopje%204.jpg
Hanoi,Vietnam,https://www.countryflags.com/wp-content/uploads/vietnam-flag-png-large.png, http://commons.wikimedia.org/wiki/Special:FilePath/Hanoi%20Montage.jpg
Riyadh,Saudi-Arabia,https://www.countryflags.com/wp-content/uploads/saudi-arabia-flag-png-large.png, http://commons.wikimedia.org/wiki/Special:FilePath/SilatalDhahr.jpg
Havana,Cuba,https://www.countryflags.com/wp-content/uploads/cuba-flag-png-large.png, http://commons.wikimedia.org/wiki/Special:FilePath/Cuba%20libre%20%286941395159%29.jpg
Accra,Ghana,https://www.countryflags.com/wp-content/uploads/ghana-flag-png-large.png, http://commons.wikimedia.org/wiki/Special:FilePath/Central%20accra-2.jpg
Tashkent,Uzbekistan,https://www.countryflags.com/wp-content/uploads/uzbekistan-flag-png-large.png, http://commons.wikimedia.org/wiki/Special:FilePath/Aerial%20view%20of%20Tashkent%2C%20Uzbekistan.JPG
Panama-City,Panama,https://www.countryflags.com/wp-content/uploads/panama-flag-png-large.png,https://encrypted-tbn3.gstatic.com/licensed-image?q=tbn:ANd9GcSMniIuXjJMg6SZuyslNKSfVCku_WKfoBuueJTDPrNdQITCfKt8ylM9AFN4TC6yo6kptar9CNtoHoHi5liXLPp5HwvmpD-GWX5h80ankw
Port-of-Spain,Trinidad-&-Tobago,https://www.countryflags.com/wp-content/uploads/trinidad-&-tobago-flag-png-large.png,https://upload.wikimedia.org/wikipedia/commons/f/f7/POS_panorama.JPG
Baghdad,Iraq,https://www.countryflags.com/wp-content/uploads/iraq-flag-png-large.png, http://commons.wikimedia.org/wiki/Special:FilePath/Bagdad%20collage.jpg
Abuja,Nigeria,https://www.countryflags.com/wp-content/uploads/nigeria-flag-png-large.png, http://commons.wikimedia.org/wiki/Special:FilePath/The%20National%20Assembly%20Globe.jpg
Stockholm,Sweden,https://www.countryflags.com/wp-content/uploads/sweden-flag-png-large.png, http://commons.wikimedia.org/wiki/Special:FilePath/Stockholm%20gamlastan%20etc.jpg
Libreville,Gabon,https://www.countryflags.com/wp-content/uploads/gabon-flag-png-large.png, http://commons.wikimedia.org/wiki/Special:FilePath/Libreville1.jpg
Mexico-City,Mexico,https://www.countryflags.com/wp-content/uploads/mexico-flag-png-large.png,https://encrypted-tbn1.gstatic.com/licensed-image?q=tbn:ANd9GcQW9fq_qbm0IOXnHhpW_Z4hiVwDUkE_50InJNXQRgD7yigB5MuWUWay1M0PUx0NX10cH2MIvYtWXzDsHYcvuJ5jfdTs9-W7P3Cr8b-yhA
Ankara,Turkey,https://www.countryflags.com/wp-content/uploads/turkey-flag-png-large.png, http://commons.wikimedia.org/wiki/Special:FilePath/Ankara%20%2816290014657%29.jpg
Nicosia,Cyprus,https://www.countryflags.com/wp-content/uploads/cyprus-flag-png-large.png, http://commons.wikimedia.org/wiki/Special:FilePath/Nicosia%2001-2017%20img23%20View%20from%20Shacolas%20Tower.jpg
Kyiv,Ukraine,https://www.countryflags.com/wp-content/uploads/ukraine-flag-png-large.png, http://commons.wikimedia.org/wiki/Special:FilePath/Kyiv%20%28234807751%29.jpeg
Apia,Samoa,https://www.countryflags.com/wp-content/uploads/samoa-flag-png-large.png, http://commons.wikimedia.org/wiki/Special:FilePath/Samoa%20-%20Apia%20Govt%20buildings.jpg
Naypyidaw,Myanmar,https://www.countryflags.com/wp-content/uploads/myanmar-flag-png-large.png, http://commons.wikimedia.org/wiki/Special:FilePath/Naypyidaw%20--%20Water%20Fountain%20Garden.JPG
Algiers,Algeria,https://www.countryflags.com/wp-content/uploads/algeria-flag-png-large.png, http://commons.wikimedia.org/wiki/Special:FilePath/Alger%20monochrome.jpg
Wellington,New-Zealand,https://www.countryflags.com/wp-content/uploads/new-zealand-flag-png-large.png, http://commons.wikimedia.org/wiki/Special:FilePath/WellingtonPanorama.jpg
Juba,South-Sudan,https://www.countryflags.com/wp-content/uploads/south-sudan-flag-png-large.png, http://commons.wikimedia.org/wiki/Special:FilePath/Juba%20City.jpg
Amman,Jordan,https://www.countryflags.com/wp-content/uploads/jordan-flag-png-large.png, http://commons.wikimedia.org/wiki/Special:FilePath/AMMAN%202.jpg
Palikir,Micronesia,https://www.countryflags.com/wp-content/uploads/micronesia-flag-png-large.png,https://www.whereandwhen.net/site/images/illustration/palikir_836.jpg
Reykjavik,Iceland,https://www.countryflags.com/wp-content/uploads/iceland-flag-png-large.png,https://encrypted-tbn2.gstatic.com/licensed-image?q=tbn:ANd9GcToWIbbETXdpsiBMHLET-RStJ3pNEyVLnBRaWxkMNLH2e_58I2Fq6kUIAO3URFa8acDBnFH7mrYdZeKAcLRI5TTwPfYlTgMag7x1LHySQ
Brazzaville,Congo,https://www.countryflags.com/wp-content/uploads/congo-flag-png-large.png, http://commons.wikimedia.org/wiki/Special:FilePath/Quartier%20OCH.jpg
Kuwait-City,Kuwait,https://www.countryflags.com/wp-content/uploads/kuwait-flag-png-large.png,https://encrypted-tbn0.gstatic.com/licensed-image?q=tbn:ANd9GcS9W05bGKKXSdZey6Ghn5BKilUGTyM9656_VhGtLEnBvJkO7A5RDVWtbz-46v3FfYYiUxhh7IDf_R8ZKZwVYLfoBS3_IRSeAQ2Ll9QtshY
Cape-Town,South-Africa,https://www.countryflags.com/wp-content/uploads/south-africa-flag-png-large.png,https://dynamic-media-cdn.tripadvisor.com/media/photo-o/14/10/2e/1e/cape-town.jpg?w=1400&h=1400&s=1
Manama,Bahrain,https://www.countryflags.com/wp-content/uploads/bahrain-flag-png-large.png, http://commons.wikimedia.org/wiki/Special:FilePath/Bahrain%20World%20trade%20Center%20.jpg
Bamako,Mali,https://www.countryflags.com/wp-content/uploads/mali-flag-png-large.png, http://commons.wikimedia.org/wiki/Special:FilePath/Bamako%20037.jpg
Malabo,Equatorial-Guinea,https://www.countryflags.com/wp-content/uploads/equatorial-guinea-flag-png-large.png,https://encrypted-tbn2.gstatic.com/licensed-image?q=tbn:ANd9GcQkSm57MO4Bb4ixd1RRM0jtoPGg84CBSWUivA5gpAbIqApe_VDKasToK1DlA9z6m7ve71Irx8eJlmzKrN_pt7D4MeugunRD-XvfBpv4Qg
Roseau,Dominica,https://www.countryflags.com/wp-content/uploads/dominica-flag-png-large.png, http://commons.wikimedia.org/wiki/Special:FilePath/RoseauWide..jpg
Addis-Ababa,Ethiopia,https://www.countryflags.com/wp-content/uploads/ethiopia-flag-png-large.png,https://content.r9cdn.net/rimg/dimg/e9/d3/52a1c197-city-31584-165624937c9.jpg?width=1366&height=768&xhint=1972&yhint=1277&crop=trueKathmandu,Nepal,https://www.countryflags.com/wp-content/uploads/nepal-flag-png-large.png, http://commons.wikimedia.org/wiki/Special:FilePath/Kathmandu%20Avion%2001.JPG
Budapest,Hungary,https://www.countryflags.com/wp-content/uploads/hungary-flag-png-large.png, http://commons.wikimedia.org/wiki/Special:FilePath/Budapest%2C%20Hungary%20%28explored%29%20%2814995308504%29.jpg
Maseru,Lesotho,https://www.countryflags.com/wp-content/uploads/lesotho-flag-png-large.png, http://commons.wikimedia.org/wiki/Special:FilePath/Maseru%20from%20Parliament%20Hill.jpg
Guatemala-City,Guatemala,https://www.countryflags.com/wp-content/uploads/guatemala-flag-png-large.png,https://encrypted-tbn3.gstatic.com/licensed-image?q=tbn:ANd9GcQW9LgTOpq8T1Uo8MiaPdVcHn1uB3nIXyZEi3YhHVE-ei9V8qMeXP4V1yd204fc8RFAFkmGvytMcCb2N2tOtAjj3HvRFg4W1xWxAio3Lg
Kinshasa,DR-Congo,https://www.countryflags.com/wp-content/uploads/dr-congo-flag-png-large.png, http://commons.wikimedia.org/wiki/Special:FilePath/Kinshasa%20%26%20Brazzaville%20-%20ISS007-E-6305%20lrg.jpg
Asunción,Paraguay,https://www.countryflags.com/wp-content/uploads/paraguay-flag-png-large.png, http://commons.wikimedia.org/wiki/Special:FilePath/Asunci%C3%B3n%20Paraguay.jpg
Jakarta,Indonesia,https://www.countryflags.com/wp-content/uploads/indonesia-flag-png-large.png, http://commons.wikimedia.org/wiki/Special:FilePath/Jakarta.jpg
Victoria,Seychelles,https://www.countryflags.com/wp-content/uploads/seychelles-flag-png-large.png, http://commons.wikimedia.org/wiki/Special:FilePath/Victoria%20%28Romania%29%2C%20le%203%20mai%202007.jpg
Vatican-City,Holy-See,https://www.countryflags.com/wp-content/uploads/holy-see-flag-png-large.png,https://encrypted-tbn0.gstatic.com/licensed-image?q=tbn:ANd9GcRkp2VQ56F2CZ0PkZfPe5MJD5rOyRyYXVVSfphbLYMkqQ-CzJy_c6ODU-trIQwahQve9sIQBzb-HTeu8yrndAkBiC6tY9hOZHowdL3FyQ
Belmopan,Belize,https://www.countryflags.com/wp-content/uploads/belize-flag-png-large.png, http://commons.wikimedia.org/wiki/Special:FilePath/Belmopan%20Parliament.jpg
Windhoek,Namibia,https://www.countryflags.com/wp-content/uploads/namibia-flag-png-large.png, http://commons.wikimedia.org/wiki/Special:FilePath/Windhoek-Skyline.jpg
South-Tarawa,Kiribati,https://www.countryflags.com/wp-content/uploads/kiribati-flag-png-large.png,https://upload.wikimedia.org/wikipedia/commons/b/b5/South_Tarawa_from_the_air.jpg
New-Delhi,India,https://www.countryflags.com/wp-content/uploads/india-flag-png-large.png,https://www.shutterstock.com/image-photo/aerial-view-historical-tourist-attractions-600nw-2361640511.jpg
Santo-Domingo,Dominican-Republic,https://www.countryflags.com/wp-content/uploads/dominican-republic-flag-png-large.png,https://upload.wikimedia.org/wikipedia/commons/thumb/3/35/Aerial_view_Ciudad_Colonial_Santo_Domingo_09_2019_0067.jpg/600px-Aerial_view_Ciudad_Colonial_Santo_Domingo_09_2019_0067.jpg
Bangkok,Thailand,https://www.countryflags.com/wp-content/uploads/thailand-flag-png-large.png, http://commons.wikimedia.org/wiki/Special:FilePath/Bangkok%20Montage%202024.jpg
Funafuti,Tuvalu,https://www.countryflags.com/wp-content/uploads/tuvalu-flag-png-large.png, http://commons.wikimedia.org/wiki/Special:FilePath/Funafuti%20township.jpg
Tehran,Iran,https://www.countryflags.com/wp-content/uploads/iran-flag-png-large.png, http://commons.wikimedia.org/wiki/Special:FilePath/North%20of%20tehran.jpg
Dili,Timor-Leste,https://www.countryflags.com/wp-content/uploads/timor-leste-flag-png-large.png, http://commons.wikimedia.org/wiki/Special:FilePath/Streets%20of%20Dili2.jpg
Quito,Ecuador,https://www.countryflags.com/wp-content/uploads/ecuador-flag-png-large.png, http://commons.wikimedia.org/wiki/Special:FilePath/Quito.jpg
Yaoundé,Cameroon,https://www.countryflags.com/wp-content/uploads/cameroon-flag-png-large.png, http://commons.wikimedia.org/wiki/Special:FilePath/Yaound%C3%A9%201.jpg
Rabat,Morocco,https://www.countryflags.com/wp-content/uploads/morocco-flag-png-large.png, http://commons.wikimedia.org/wiki/Special:FilePath/Kasbah%20des%20Oudaias%20P1060356.JPG
Prague,Czech-Republic,https://www.countryflags.com/wp-content/uploads/czech-republic-flag-png-large.png, http://commons.wikimedia.org/wiki/Special:FilePath/Pet%C5%99%C3%ADn%20Tower%20View%20IMG%203020.JPG
Seoul,South-Korea,https://www.countryflags.com/wp-content/uploads/south-korea-flag-png-large.png, http://commons.wikimedia.org/wiki/Special:FilePath/%EC%95%84%EB%A6%AC%EB%9E%91%201%ED%98%B8%20%EC%9C%84%EC%84%B1%EC%98%81%EC%83%81%20%28350%29.jpeg
Monaco,Monaco,https://www.countryflags.com/wp-content/uploads/monaco-flag-png-large.png, http://commons.wikimedia.org/wiki/Special:FilePath/Panorama%20von%20Monaco-La%20Turbie.jpg
Sarajevo,Bosnia-&-Herzegovina,https://www.countryflags.com/wp-content/uploads/bosnia-&-herzegovina-flag-png-large.png, http://commons.wikimedia.org/wiki/Special:FilePath/Sarajevo%20City%20Panorama.JPG
Thimphu,Bhutan,https://www.countryflags.com/wp-content/uploads/bhutan-flag-png-large.png, http://commons.wikimedia.org/wiki/Special:FilePath/Thimphu-12-vom%20Buddha%20Dordenma-2015-gje.jpg
Valletta,Malta,https://www.countryflags.com/wp-content/uploads/malta-flag-png-large.png, http://commons.wikimedia.org/wiki/Special:FilePath/Malta%2C%202010%20-%20panoramio%20-%20Bengt%20Nyman%20%2823%29.jpg
Santiago,Chile,https://www.countryflags.com/wp-content/uploads/chile-flag-png-large.png, http://commons.wikimedia.org/wiki/Special:FilePath/Santiago%20en%20invierno.jpg
São-Tomé,Sao-Tome-&-Principe,https://www.countryflags.com/wp-content/uploads/sao-tome-&-principe-flag-png-large.png,https://encrypted-tbn2.gstatic.com/licensed-image?q=tbn:ANd9GcSAkkgEH-462sXZEuiFJxgy400f3SoCRnEsoslRAdIbSl2yUvTBXS7ivfG8ediK0Arb7J0fFPNQUIn7CXhD846EjXe6DAbSzwIvZkR7IA
Pyongyang,North-Korea,https://www.countryflags.com/wp-content/uploads/north-korea-flag-png-large.png, http://commons.wikimedia.org/wiki/Special:FilePath/Panoramic%20view%20from%20Juche%20Tower.jpg
Copenhagen,Denmark,https://www.countryflags.com/wp-content/uploads/denmark-flag-png-large.png, http://commons.wikimedia.org/wiki/Special:FilePath/Copenhagen%20-%20view%20from%20Christiansborg%20castle.jpg
Brussels,Belgium,https://www.countryflags.com/wp-content/uploads/belgium-flag-png-large.png, http://commons.wikimedia.org/wiki/Special:FilePath/Brussels%20Public%20Library.jpg
Yamoussoukro,Côte-d'Ivoire,https://www.countryflags.com/wp-content/uploads/côte-d'ivoire-flag-png-large.png, http://commons.wikimedia.org/wiki/Special:FilePath/Ciprefectyakro.JPG
Tunis,Tunisia,https://www.countryflags.com/wp-content/uploads/tunisia-flag-png-large.png, http://commons.wikimedia.org/wiki/Special:FilePath/Panoramique%20du%20centre%20de%20Tunis%20%283197369985%29%20%28cropped%29.jpg
Canberra,Australia,https://www.countryflags.com/wp-content/uploads/australia-flag-png-large.png, http://commons.wikimedia.org/wiki/Special:FilePath/Canberra%20from%20Mt%20Ainslie%20%285642431515%29.jpg
Nuku'alofa,Tonga,https://www.countryflags.com/wp-content/uploads/tonga-flag-png-large.png,https://upload.wikimedia.org/wikipedia/commons/8/8c/Fua%27amoto_International_Airport_Entrance.jpg
Riga,Latvia,https://www.countryflags.com/wp-content/uploads/latvia-flag-png-large.png, http://commons.wikimedia.org/wiki/Special:FilePath/Vistas%20desde%20la%20iglesia%20de%20San%20Pedro%2C%20Riga%2C%20Letonia%2C%202012-08-07%2C%20DD%2012.JPG
Islamabad,Pakistan,https://www.countryflags.com/wp-content/uploads/pakistan-flag-png-large.png, http://commons.wikimedia.org/wiki/Special:FilePath/Islamabad%20skyline.jpg
Niamey,Niger,https://www.countryflags.com/wp-content/uploads/niger-flag-png-large.png, http://commons.wikimedia.org/wiki/Special:FilePath/Niamey%20night.jpg
Bratislava,Slovakia,https://www.countryflags.com/wp-content/uploads/slovakia-flag-png-large.png, http://commons.wikimedia.org/wiki/Special:FilePath/Hlavn%C3%A9%20Namestie%20%2835096533142%29.jpg
Rome,Italy,https://www.countryflags.com/wp-content/uploads/italy-flag-png-large.png, http://commons.wikimedia.org/wiki/Special:FilePath/Roma%20dall%27aereo.JPG
Doha,Qatar,https://www.countryflags.com/wp-content/uploads/qatar-flag-png-large.png, http://commons.wikimedia.org/wiki/Special:FilePath/Doha%20skyline%20in%20the%20morning%20%2812544910974%29.jpg
Ouagadougou,Burkina-Faso,https://www.countryflags.com/wp-content/uploads/burkina-faso-flag-png-large.png, http://commons.wikimedia.org/wiki/Special:FilePath/Place%20Memorial%20auz%20Heros%20Nationaux%20in%20Burkina%20Faso%2C%202009.jpg
Vienna,Austria,https://www.countryflags.com/wp-content/uploads/austria-flag-png-large.png, http://commons.wikimedia.org/wiki/Special:FilePath/Collage%20von%20Wien.jpg
Sana'a,Yemen,https://www.countryflags.com/wp-content/uploads/yemen-flag-png-large.png,https://cdn.britannica.com/49/139549-050-D1B8F018/Sanaa-Al-Salih-Mosque-Yemen-background.jpg
Nur-Sultan,Kazakhstan,https://www.countryflags.com/wp-content/uploads/kazakhstan-flag-png-large.png,https://cdn.shortpixel.ai/spai/q_glossy+ret_img/https://iwpr.net/sites/default/files/styles/focus_main_image_932_x_580_/public/images/story/GettyImages-172043819.jpg?h=245927b3
Vaduz,Liechtenstein,https://www.countryflags.com/wp-content/uploads/liechtenstein-flag-png-large.png, http://commons.wikimedia.org/wiki/Special:FilePath/Vista%20de%20Vaduz%2C%20Liechtenstein%2C%202022-10-23%2C%20DD%2028.jpg
Kuala-Lumpur,Malaysia,https://www.countryflags.com/wp-content/uploads/malaysia-flag-png-large.png,https://i.natgeofe.com/n/1690f081-f44f-4fbe-a1b6-9123819b737c/petronas-kualalumpur-malaysia_square.jpg
Male,Maldives,https://www.countryflags.com/wp-content/uploads/maldives-flag-png-large.png, http://commons.wikimedia.org/wiki/Special:FilePath/Male%2004.jpg
Oslo,Norway,https://www.countryflags.com/wp-content/uploads/norway-flag-png-large.png, http://commons.wikimedia.org/wiki/Special:FilePath/Oslo%20newer%20montage%202013.png
Tripoli,Libya,https://www.countryflags.com/wp-content/uploads/libya-flag-png-large.png, http://commons.wikimedia.org/wiki/Special:FilePath/Marcus%20Aurelius%20Arch%20Tripoli%20Libya.jpg
Basseterre,Saint-Kitts-&-Nevis,https://www.countryflags.com/wp-content/uploads/saint-kitts-&-nevis-flag-png-large.png, http://commons.wikimedia.org/wiki/Special:FilePath/Basseterre.jpeg
Yaren-District,Nauru,https://www.countryflags.com/wp-content/uploads/nauru-flag-png-large.png,https://upload.wikimedia.org/wikipedia/commons/c/cc/Aerial_view_of_Nauru.jpg
Paris,France,https://www.countryflags.com/wp-content/uploads/france-flag-png-large.png, http://commons.wikimedia.org/wiki/Special:FilePath/T3%20-%20Ateliers%20de%20Lucotte%20-%20Citadis%20%282%29.jpg
Bucharest,Romania,https://www.countryflags.com/wp-content/uploads/romania-flag-png-large.png, http://commons.wikimedia.org/wiki/Special:FilePath/Bucharest-Skyline-01.jpg
Freetown,Sierra-Leone,https://www.countryflags.com/wp-content/uploads/sierra-leone-flag-png-large.png, http://commons.wikimedia.org/wiki/Special:FilePath/Freetown-aerialview.jpg
Tallinn,Estonia,https://www.countryflags.com/wp-content/uploads/estonia-flag-png-large.png, http://commons.wikimedia.org/wiki/Special:FilePath/Tallinna%20vanalinn%202015.jpg
San-José,Costa-Rica,https://www.countryflags.com/wp-content/uploads/costa-rica-flag-png-large.png,https://upload.wikimedia.org/wikipedia/commons/thumb/6/6c/4-_Vue_San_Jose.jpg/1600px-4-_Vue_San_Jose.jpg
Paramaribo,Suriname,https://www.countryflags.com/wp-content/uploads/suriname-flag-png-large.png, http://commons.wikimedia.org/wiki/Special:FilePath/Paramaribo%20city%20collage.png
San-Salvador,El-Salvador,https://www.countryflags.com/wp-content/uploads/el-salvador-flag-png-large.png, http://commons.wikimedia.org/wiki/Special:FilePath/San-Salvador%2C%20da%20Cole%C3%A7%C3%A3o%20Brasiliana%20Iconogr%C3%A1fica.jpg
Suva,Fiji,https://www.countryflags.com/wp-content/uploads/fiji-flag-png-large.png, http://commons.wikimedia.org/wiki/Special:FilePath/Suva%2C%20Fiji%2052.jpg
Nouakchott,Mauritania,https://www.countryflags.com/wp-content/uploads/mauritania-flag-png-large.png, http://commons.wikimedia.org/wiki/Special:FilePath/15-Nouakchott-eH-R0058185.jpg
Warsaw,Poland,https://www.countryflags.com/wp-content/uploads/poland-flag-png-large.png, http://commons.wikimedia.org/wiki/Special:FilePath/2017-05-27%20Plac%20Zamkowy%20w%20Warszawie%201.jpg
Minsk,Belarus,https://www.countryflags.com/wp-content/uploads/belarus-flag-png-large.png, http://commons.wikimedia.org/wiki/Special:FilePath/%D0%9C%D1%96%D0%BD%D1%81%D0%BA.%20%D0%A1%D0%BA%D0%B2%D0%B5%D1%80%20%D0%BF%D0%B0%20%D0%BF%D0%BB%D0%BE%D1%88%D1%87%D1%8B%20%D0%9D%D0%B5%D0%B7%D0%B0%D0%BB%D0%B5%D0%B6%D0%BD%D0%B0%D1%81%D1%86%D1%96.jpg
Beirut,Lebanon,https://www.countryflags.com/wp-content/uploads/lebanon-flag-png-large.png, http://commons.wikimedia.org/wiki/Special:FilePath/Beirutcity.jpg
Tokyo,Japan,https://www.countryflags.com/wp-content/uploads/japan-flag-png-large.png, http://commons.wikimedia.org/wiki/Special:FilePath/Tokyo%20Japan%20taken%20by%20Hodoyoshi-3%20Satellite.jpg
Brasília,Brazil,https://www.countryflags.com/wp-content/uploads/brazil-flag-png-large.png, http://commons.wikimedia.org/wiki/Special:FilePath/Bras%C3%ADlia%20Collage.png
Ngerulmud,Palau,https://www.countryflags.com/wp-content/uploads/palau-flag-png-large.png, http://commons.wikimedia.org/wiki/Special:FilePath/Flag%20at%20Melekeok%2C%20Palau.jpg
Bridgetown,Barbados,https://www.countryflags.com/wp-content/uploads/barbados-flag-png-large.png, http://commons.wikimedia.org/wiki/Special:FilePath/Bridgetown%20aerial.JPG
Dodoma,Tanzania,https://www.countryflags.com/wp-content/uploads/tanzania-flag-png-large.png, http://commons.wikimedia.org/wiki/Special:FilePath/Nyerere%20Square%20in%20Dodoma.jpg
St.-George's,Grenada,https://www.countryflags.com/wp-content/uploads/grenada-flag-png-large.png,https://encrypted-tbn2.gstatic.com/licensed-image?q=tbn:ANd9GcRnuWkJRD4PDsjpYQDdOXPorhON24mccnu1PObBVhjdDaTDRhOEU7HrfrwOcFn8gOXrWdEcYGFt14yjhIjoC52hkRGQR3S7xRLXlUw1Kg
Zagreb,Croatia,https://www.countryflags.com/wp-content/uploads/croatia-flag-png-large.png, http://commons.wikimedia.org/wiki/Special:FilePath/Zagreb%20%2829255640143%29.jpg
La-Paz,Bolivia,https://www.countryflags.com/wp-content/uploads/bolivia-flag-png-large.png,https://a.travel-assets.com/findyours-php/viewfinder/images/res70/115000/115528-La-Paz-And-Vicinity.jpg
Singapore,Singapore,https://www.countryflags.com/wp-content/uploads/singapore-flag-png-large.png, http://commons.wikimedia.org/wiki/Special:FilePath/Raffles%20Place.jpg
Conakry,Guinea,https://www.countryflags.com/wp-content/uploads/guinea-flag-png-large.png, http://commons.wikimedia.org/wiki/Special:FilePath/Un%20aper%C3%A7u%20de%20la%20ville%20de%20conakry.jpg
Podgorica,Montenegro,https://www.countryflags.com/wp-content/uploads/montenegro-flag-png-large.png, http://commons.wikimedia.org/wiki/Special:FilePath/Titograd.jpg
Honiara,Solomon-Islands,https://www.countryflags.com/wp-content/uploads/solomon-islands-flag-png-large.png, http://commons.wikimedia.org/wiki/Special:FilePath/Honiara%20aerial%20crop.jpg
Athens,Greece,https://www.countryflags.com/wp-content/uploads/greece-flag-png-large.png, http://commons.wikimedia.org/wiki/Special:FilePath/Athens%20Montage%20L.png
Khartoum,Sudan,https://www.countryflags.com/wp-content/uploads/sudan-flag-png-large.png, http://commons.wikimedia.org/wiki/Special:FilePath/Sunset%20Khartoum.jpg
Bissau,Guinea-Bissau,https://www.countryflags.com/wp-content/uploads/guinea-bissau-flag-png-large.png, http://commons.wikimedia.org/wiki/Special:FilePath/20130610%20-%20Monumento%20aos%20Her%C3%B3is%20da%20Independ%C3%AAncia.jpg
Beijing,China,https://www.countryflags.com/wp-content/uploads/china-flag-png-large.png, http://commons.wikimedia.org/wiki/Special:FilePath/Large%20Beijing%20Landsat.jpg
Buenos-Aires,Argentina,https://www.countryflags.com/wp-content/uploads/argentina-flag-png-large.png,https://upload.wikimedia.org/wikipedia/commons/thumb/1/1e/Puerto_Madero%2C_Buenos_Aires_%2840689219792%29_%28cropped%29.jpg/800px-Puerto_Madero%2C_Buenos_Aires_%2840689219792%29_%28cropped%29.jpg
Banjul,Gambia,https://www.countryflags.com/wp-content/uploads/gambia-flag-png-large.png, http://commons.wikimedia.org/wiki/Special:FilePath/Banjul%20King%20Fahad%20Mosque.jpg
Mbabane,Eswatini,https://www.countryflags.com/wp-content/uploads/eswatini-flag-png-large.png, http://commons.wikimedia.org/wiki/Special:FilePath/Mbabane%20-%20City%20overview.jpg
Bangui,Central-African-Republic,https://www.countryflags.com/wp-content/uploads/central-african-republic-flag-png-large.png, http://commons.wikimedia.org/wiki/Special:FilePath/Bangui%20City%20Centre.jpg
Gaborone,Botswana,https://www.countryflags.com/wp-content/uploads/botswana-flag-png-large.png, http://commons.wikimedia.org/wiki/Special:FilePath/Gaborone%20skyline.JPG
